{"category":"tracker","request":"get","statuscode":200,"values":{"frame":{"avg":{"x":0.0,"y":0.0},"fix":false,"lefteye":{"avg":{"x":0.0,"y":0.0},"pcenter":{"x":0.4525,"y":0.3603},"psize":29.0884,"raw":{"x":0.0,"y":0.0}},"raw":{"x":0.0,"y":0.0},"righteye":{"avg":{"x":0.0,"y":0.0},"pcenter":{"x":0.5993,"y":0.3630},"psize":27.8679,"raw":{"x":0.0,"y":0.0}},"state":7,"time":978412208,"timestamp":"2018-10-03 10:25:04.176"}}}
{"category":"tracker","request":"get","statuscode":200,"values":{"frame":{"avg":{"x":0.0,"y":0.0},"fix":false,"lefteye":{"avg":{"x":0.0,"y":0.0},"pcenter":{"x":0.4526,"y":0.360},"psize":28.9021,"raw":{"x":0.0,"y":0.0}},"raw":{"x":0.0,"y":0.0},"righteye":{"avg":{"x":0.0,"y":0.0},"pcenter":{"x":0.5995,"y":0.3626},"psize":27.7287,"raw":{"x":0.0,"y":0.0}},"state":7,"time":978412242,"timestamp":"2018-10-03 10:25:04.210"}}}
{"category":"tracker","request":"get","statuscode":200,"values":{"frame":{"avg":{"x":0.0,"y":0.0},"fix":false,"lefteye":{"avg":{"x":0.0,"y":0.0},"pcenter":{"x":0.4524,"y":0.3598},"psize":28.6445,"raw":{"x":0.0,"y":0.0}},"raw":{"x":0.0,"y":0.0},"righteye":{"avg":{"x":0.0,"y":0.0},"pcenter":{"x":0.5994,"y":0.3626},"psize":28.4216,"raw":{"x":0.0,"y":0.0}},"state":7,"time":978412275,"timestamp":"2018-10-03 10:25:04.243"}}}
{"category":"tracker","request":"get","statuscode":200,"values":{"frame":{"avg":{"x":0.0,"y":0.0},"fix":false,"lefteye":{"avg":{"x":0.0,"y":0.0},"pcenter":{"x":0.4522,"y":0.3592},"psize":28.6309,"raw":{"x":0.0,"y":0.0}},"raw":{"x":0.0,"y":0.0},"righteye":{"avg":{"x":0.0,"y":0.0},"pcenter":{"x":0.5991,"y":0.3617},"psize":27.8453,"raw":{"x":0.0,"y":0.0}},"state":7,"time":978412320,"timestamp":"2018-10-03 10:25:04.288"}}}
{"category":"tracker","request":"get","statuscode":200,"values":{"frame":{"avg":{"x":0.0,"y":0.0},"fix":false,"lefteye":{"avg":{"x":0.0,"y":0.0},"pcenter":{"x":0.4527,"y":0.3591},"psize":28.7958,"raw":{"x":0.0,"y":0.0}},"raw":{"x":0.0,"y":0.0},"righteye":{"avg":{"x":0.0,"y":0.0},"pcenter":{"x":0.5997,"y":0.3611},"psize":28.3234,"raw":{"x":0.0,"y":0.0}},"state":7,"time":978412354,"timestamp":"2018-10-03 10:25:04.322"}}}
{"category":"tracker","request":"get","statuscode":200,"values":{"frame":{"avg":{"x":1037.9939,"y":427.7240},"fix":false,"lefteye":{"avg":{"x":1206.4469,"y":353.2355},"pcenter":{"x":0.4531,"y":0.3586},"psize":28.1475,"raw":{"x":1695.790,"y":147.2123}},"raw":{"x":1695.790,"y":147.2123},"righteye":{"avg":{"x":0.0,"y":0.0},"pcenter":{"x":0.6002,"y":0.3613},"psize":27.4046,"raw":{"x":0.0,"y":0.0}},"state":7,"time":978412387,"timestamp":"2018-10-03 10:25:04.355"}}}
{"category":"tracker","request":"get","statuscode":200,"values":{"frame":{"avg":{"x":0.0,"y":0.0},"fix":false,"lefteye":{"avg":{"x":0.0,"y":0.0},"pcenter":{"x":0.4532,"y":0.3589},"psize":28.4701,"raw":{"x":0.0,"y":0.0}},"raw":{"x":0.0,"y":0.0},"righteye":{"avg":{"x":0.0,"y":0.0},"pcenter":{"x":0.6004,"y":0.3620},"psize":27.9543,"raw":{"x":0.0,"y":0.0}},"state":4,"time":978412421,"timestamp":"2018-10-03 10:25:04.389"}}}
{"category":"tracker","request":"get","statuscode":200,"values":{"frame":{"avg":{"x":0.0,"y":0.0},"fix":false,"lefteye":{"avg":{"x":0.0,"y":0.0},"pcenter":{"x":0.4535,"y":0.3588},"psize":27.8247,"raw":{"x":0.0,"y":0.0}},"raw":{"x":0.0,"y":0.0},"righteye":{"avg":{"x":0.0,"y":0.0},"pcenter":{"x":0.6006,"y":0.3624},"psize":27.8491,"raw":{"x":0.0,"y":0.0}},"state":4,"time":978412466,"timestamp":"2018-10-03 10:25:04.434"}}}
{"category":"tracker","request":"get","statuscode":200,"values":{"frame":{"avg":{"x":0.0,"y":0.0},"fix":false,"lefteye":{"avg":{"x":0.0,"y":0.0},"pcenter":{"x":0.0,"y":0.0},"psize":0.0,"raw":{"x":0.0,"y":0.0}},"raw":{"x":0.0,"y":0.0},"righteye":{"avg":{"x":0.0,"y":0.0},"pcenter":{"x":0.0,"y":0.0},"psize":0.0,"raw":{"x":0.0,"y":0.0}},"state":4,"time":978412499,"timestamp":"2018-10-03 10:25:04.467"}}}
{"category":"tracker","request":"get","statuscode":200,"values":{"frame":{"avg":{"x":0.0,"y":0.0},"fix":false,"lefteye":{"avg":{"x":0.0,"y":0.0},"pcenter":{"x":0.4541,"y":0.3590},"psize":27.6151,"raw":{"x":0.0,"y":0.0}},"raw":{"x":0.0,"y":0.0},"righteye":{"avg":{"x":0.0,"y":0.0},"pcenter":{"x":0.6010,"y":0.3628},"psize":26.9045,"raw":{"x":0.0,"y":0.0}},"state":4,"time":978412532,"timestamp":"2018-10-03 10:25:04.500"}}}
{"category":"tracker","request":"get","statuscode":200,"values":{"frame":{"avg":{"x":0.0,"y":0.0},"fix":false,"lefteye":{"avg":{"x":0.0,"y":0.0},"pcenter":{"x":0.4538,"y":0.3569},"psize":27.0989,"raw":{"x":0.0,"y":0.0}},"raw":{"x":0.0,"y":0.0},"righteye":{"avg":{"x":0.0,"y":0.0},"pcenter":{"x":0.0,"y":0.0},"psize":0.0,"raw":{"x":0.0,"y":0.0}},"state":4,"time":978412575,"timestamp":"2018-10-03 10:25:04.543"}}}
{"category":"tracker","request":"get","statuscode":200,"values":{"frame":{"avg":{"x":0.0,"y":0.0},"fix":false,"lefteye":{"avg":{"x":0.0,"y":0.0},"pcenter":{"x":0.4532,"y":0.3573},"psize":29.0248,"raw":{"x":0.0,"y":0.0}},"raw":{"x":0.0,"y":0.0},"righteye":{"avg":{"x":0.0,"y":0.0},"pcenter":{"x":0.0,"y":0.0},"psize":0.0,"raw":{"x":0.0,"y":0.0}},"state":4,"time":978412609,"timestamp":"2018-10-03 10:25:04.577"}}}
{"category":"tracker","request":"get","statuscode":200,"values":{"frame":{"avg":{"x":0.0,"y":0.0},"fix":false,"lefteye":{"avg":{"x":0.0,"y":0.0},"pcenter":{"x":0.4535,"y":0.3573},"psize":28.2445,"raw":{"x":0.0,"y":0.0}},"raw":{"x":0.0,"y":0.0},"righteye":{"avg":{"x":0.0,"y":0.0},"pcenter":{"x":0.0,"y":0.0},"psize":0.0,"raw":{"x":0.0,"y":0.0}},"state":4,"time":978412653,"timestamp":"2018-10-03 10:25:04.621"}}}
{"category":"heartbeat","statuscode":200}
{"category":"tracker","request":"get","statuscode":200,"values":{"frame":{"avg":{"x":0.0,"y":0.0},"fix":false,"lefteye":{"avg":{"x":0.0,"y":0.0},"pcenter":{"x":0.4534,"y":0.3568},"psize":28.5485,"raw":{"x":0.0,"y":0.0}},"raw":{"x":0.0,"y":0.0},"righteye":{"avg":{"x":0.0,"y":0.0},"pcenter":{"x":0.0,"y":0.0},"psize":0.0,"raw":{"x":0.0,"y":0.0}},"state":4,"time":978412686,"timestamp":"2018-10-03 10:25:04.654"}}}
{"category":"tracker","request":"get","statuscode":200,"values":{"frame":{"avg":{"x":0.0,"y":0.0},"fix":false,"lefteye":{"avg":{"x":0.0,"y":0.0},"pcenter":{"x":0.4533,"y":0.3569},"psize":28.4275,"raw":{"x":0.0,"y":0.0}},"raw":{"x":0.0,"y":0.0},"righteye":{"avg":{"x":0.0,"y":0.0},"pcenter":{"x":0.0,"y":0.0},"psize":0.0,"raw":{"x":0.0,"y":0.0}},"state":4,"time":978412720,"timestamp":"2018-10-03 10:25:04.688"}}}
{"category":"tracker","request":"get","statuscode":200,"values":{"frame":{"avg":{"x":0.0,"y":0.0},"fix":false,"lefteye":{"avg":{"x":0.0,"y":0.0},"pcenter":{"x":0.4534,"y":0.3567},"psize":28.9594,"raw":{"x":0.0,"y":0.0}},"raw":{"x":0.0,"y":0.0},"righteye":{"avg":{"x":0.0,"y":0.0},"pcenter":{"x":0.0,"y":0.0},"psize":0.0,"raw":{"x":0.0,"y":0.0}},"state":4,"time":978412755,"timestamp":"2018-10-03 10:25:04.723"}}}
{"category":"tracker","request":"get","statuscode":200,"values":{"frame":{"avg":{"x":1011.2899,"y":376.5299},"fix":false,"lefteye":{"avg":{"x":957.3658,"y":275.1701},"pcenter":{"x":0.4534,"y":0.3568},"psize":28.7251,"raw":{"x":216.0402,"y":45.1069}},"raw":{"x":216.0402,"y":45.1069},"righteye":{"avg":{"x":0.0,"y":0.0},"pcenter":{"x":0.6003,"y":0.3609},"psize":27.3080,"raw":{"x":0.0,"y":0.0}},"state":7,"time":978412798,"timestamp":"2018-10-03 10:25:04.766"}}}
{"category":"tracker","request":"get","statuscode":200,"values":{"frame":{"avg":{"x":0.0,"y":0.0},"fix":false,"lefteye":{"avg":{"x":0.0,"y":0.0},"pcenter":{"x":0.0,"y":0.0},"psize":0.0,"raw":{"x":0.0,"y":0.0}},"raw":{"x":0.0,"y":0.0},"righteye":{"avg":{"x":0.0,"y":0.0},"pcenter":{"x":0.6009,"y":0.3618},"psize":29.1386,"raw":{"x":0.0,"y":0.0}},"state":4,"time":978412831,"timestamp":"2018-10-03 10:25:04.799"}}}
{"category":"tracker","request":"get","statuscode":200,"values":{"frame":{"avg":{"x":0.0,"y":0.0},"fix":false,"lefteye":{"avg":{"x":0.0,"y":0.0},"pcenter":{"x":0.0,"y":0.0},"psize":0.0,"raw":{"x":0.0,"y":0.0}},"raw":{"x":0.0,"y":0.0},"righteye":{"avg":{"x":0.0,"y":0.0},"pcenter":{"x":0.0,"y":0.0},"psize":0.0,"raw":{"x":0.0,"y":0.0}},"state":4,"time":978412875,"timestamp":"2018-10-03 10:25:04.843"}}}
{"category":"tracker","request":"get","statuscode":200,"values":{"frame":{"avg":{"x":0.0,"y":0.0},"fix":false,"lefteye":{"avg":{"x":0.0,"y":0.0},"pcenter":{"x":0.0,"y":0.0},"psize":0.0,"raw":{"x":0.0,"y":0.0}},"raw":{"x":0.0,"y":0.0},"righteye":{"avg":{"x":0.0,"y":0.0},"pcenter":{"x":0.0,"y":0.0},"psize":0.0,"raw":{"x":0.0,"y":0.0}},"state":4,"time":978412909,"timestamp":"2018-10-03 10:25:04.877"}}}
{"category":"tracker","request":"get","statuscode":200,"values":{"frame":{"avg":{"x":0.0,"y":0.0},"fix":false,"lefteye":{"avg":{"x":0.0,"y":0.0},"pcenter":{"x":0.0,"y":0.0},"psize":0.0,"raw":{"x":0.0,"y":0.0}},"raw":{"x":0.0,"y":0.0},"righteye":{"avg":{"x":0.0,"y":0.0},"pcenter":{"x":0.0,"y":0.0},"psize":0.0,"raw":{"x":0.0,"y":0.0}},"state":4,"time":978412942,"timestamp":"2018-10-03 10:25:04.910"}}}
{"category":"tracker","request":"get","statuscode":200,"values":{"frame":{"avg":{"x":0.0,"y":0.0},"fix":false,"lefteye":{"avg":{"x":0.0,"y":0.0},"pcenter":{"x":0.4487,"y":0.3599},"psize":26.9653,"raw":{"x":0.0,"y":0.0}},"raw":{"x":0.0,"y":0.0},"righteye":{"avg":{"x":0.0,"y":0.0},"pcenter":{"x":0.0,"y":0.0},"psize":0.0,"raw":{"x":0.0,"y":0.0}},"state":4,"time":978412975,"timestamp":"2018-10-03 10:25:04.943"}}}
{"category":"tracker","request":"get","statuscode":200,"values":{"frame":{"avg":{"x":966.6367,"y":363.2343},"fix":false,"lefteye":{"avg":{"x":-63.1644,"y":-72.6908},"pcenter":{"x":0.4490,"y":0.3586},"psize":29.0738,"raw":{"x":-63.1644,"y":-72.6908}},"raw":{"x":-63.1644,"y":-72.6908},"righteye":{"avg":{"x":0.0,"y":0.0},"pcenter":{"x":0.0,"y":0.0},"psize":0.0,"raw":{"x":0.0,"y":0.0}},"state":7,"time":978413020,"timestamp":"2018-10-03 10:25:04.988"}}}
{"category":"tracker","request":"get","statuscode":200,"values":{"frame":{"avg":{"x":0.0,"y":0.0},"fix":false,"lefteye":{"avg":{"x":0.0,"y":0.0},"pcenter":{"x":0.4488,"y":0.3587},"psize":27.9288,"raw":{"x":0.0,"y":0.0}},"raw":{"x":0.0,"y":0.0},"righteye":{"avg":{"x":0.0,"y":0.0},"pcenter":{"x":0.0,"y":0.0},"psize":0.0,"raw":{"x":0.0,"y":0.0}},"state":4,"time":978413053,"timestamp":"2018-10-03 10:25:05.021"}}}
{"category":"tracker","request":"get","statuscode":200,"values":{"frame":{"avg":{"x":0.0,"y":0.0},"fix":false,"lefteye":{"avg":{"x":0.0,"y":0.0},"pcenter":{"x":0.4483,"y":0.3590},"psize":28.3271,"raw":{"x":0.0,"y":0.0}},"raw":{"x":0.0,"y":0.0},"righteye":{"avg":{"x":0.0,"y":0.0},"pcenter":{"x":0.0,"y":0.0},"psize":0.0,"raw":{"x":0.0,"y":0.0}},"state":4,"time":978413087,"timestamp":"2018-10-03 10:25:05.055"}}}
{"category":"tracker","request":"get","statuscode":200,"values":{"frame":{"avg":{"x":0.0,"y":0.0},"fix":false,"lefteye":{"avg":{"x":0.0,"y":0.0},"pcenter":{"x":0.4480,"y":0.3591},"psize":28.1778,"raw":{"x":0.0,"y":0.0}},"raw":{"x":0.0,"y":0.0},"righteye":{"avg":{"x":0.0,"y":0.0},"pcenter":{"x":0.5948,"y":0.3637},"psize":29.0061,"raw":{"x":0.0,"y":0.0}},"state":4,"time":978413131,"timestamp":"2018-10-03 10:25:05.099"}}}
{"category":"tracker","request":"get","statuscode":200,"values":{"frame":{"avg":{"x":0.0,"y":0.0},"fix":false,"lefteye":{"avg":{"x":0.0,"y":0.0},"pcenter":{"x":0.4478,"y":0.3591},"psize":27.9227,"raw":{"x":0.0,"y":0.0}},"raw":{"x":0.0,"y":0.0},"righteye":{"avg":{"x":0.0,"y":0.0},"pcenter":{"x":0.5947,"y":0.3629},"psize":28.6464,"raw":{"x":0.0,"y":0.0}},"state":7,"time":978413164,"timestamp":"2018-10-03 10:25:05.132"}}}
{"category":"tracker","request":"get","statuscode":200,"values":{"frame":{"avg":{"x":0.0,"y":0.0},"fix":false,"lefteye":{"avg":{"x":0.0,"y":0.0},"pcenter":{"x":0.4476,"y":0.3590},"psize":27.9501,"raw":{"x":0.0,"y":0.0}},"raw":{"x":0.0,"y":0.0},"righteye":{"avg":{"x":0.0,"y":0.0},"pcenter":{"x":0.5945,"y":0.3634},"psize":28.7733,"raw":{"x":0.0,"y":0.0}},"state":7,"time":978413198,"timestamp":"2018-10-03 10:25:05.166"}}}
{"category":"tracker","request":"get","statuscode":200,"values":{"frame":{"avg":{"x":0.0,"y":0.0},"fix":false,"lefteye":{"avg":{"x":0.0,"y":0.0},"pcenter":{"x":0.0,"y":0.0},"psize":0.0,"raw":{"x":0.0,"y":0.0}},"raw":{"x":0.0,"y":0.0},"righteye":{"avg":{"x":0.0,"y":0.0},"pcenter":{"x":0.5950,"y":0.3628},"psize":30.7163,"raw":{"x":0.0,"y":0.0}},"state":4,"time":978413243,"timestamp":"2018-10-03 10:25:05.211"}}}
{"category":"tracker","request":"get","statuscode":200,"values":{"frame":{"avg":{"x":0.0,"y":0.0},"fix":false,"lefteye":{"avg":{"x":0.0,"y":0.0},"pcenter":{"x":0.4355,"y":0.3395},"psize":12.30,"raw":{"x":0.0,"y":0.0}},"raw":{"x":0.0,"y":0.0},"righteye":{"avg":{"x":0.0,"y":0.0},"pcenter":{"x":0.5946,"y":0.3634},"psize":29.6107,"raw":{"x":0.0,"y":0.0}},"state":4,"time":978413277,"timestamp":"2018-10-03 10:25:05.245"}}}
{"category":"tracker","request":"get","statuscode":200,"values":{"frame":{"avg":{"x":0.0,"y":0.0},"fix":false,"lefteye":{"avg":{"x":0.0,"y":0.0},"pcenter":{"x":0.4296,"y":0.3440},"psize":11.2936,"raw":{"x":0.0,"y":0.0}},"raw":{"x":0.0,"y":0.0},"righteye":{"avg":{"x":0.0,"y":0.0},"pcenter":{"x":0.5949,"y":0.3638},"psize":30.0050,"raw":{"x":0.0,"y":0.0}},"state":4,"time":978413310,"timestamp":"2018-10-03 10:25:05.278"}}}
{"category":"tracker","request":"get","statuscode":200,"values":{"frame":{"avg":{"x":0.0,"y":0.0},"fix":false,"lefteye":{"avg":{"x":0.0,"y":0.0},"pcenter":{"x":0.0,"y":0.0},"psize":0.0,"raw":{"x":0.0,"y":0.0}},"raw":{"x":0.0,"y":0.0},"righteye":{"avg":{"x":0.0,"y":0.0},"pcenter":{"x":0.5947,"y":0.3636},"psize":29.5355,"raw":{"x":0.0,"y":0.0}},"state":4,"time":978413355,"timestamp":"2018-10-03 10:25:05.323"}}}
{"category":"tracker","request":"get","statuscode":200,"values":{"frame":{"avg":{"x":0.0,"y":0.0},"fix":false,"lefteye":{"avg":{"x":0.0,"y":0.0},"pcenter":{"x":0.4468,"y":0.3346},"psize":8.7078,"raw":{"x":0.0,"y":0.0}},"raw":{"x":0.0,"y":0.0},"righteye":{"avg":{"x":0.0,"y":0.0},"pcenter":{"x":0.0,"y":0.0},"psize":0.0,"raw":{"x":0.0,"y":0.0}},"state":4,"time":978413390,"timestamp":"2018-10-03 10:25:05.358"}}}
{"category":"tracker","request":"get","statuscode":200,"values":{"frame":{"avg":{"x":0.0,"y":0.0},"fix":false,"lefteye":{"avg":{"x":0.0,"y":0.0},"pcenter":{"x":0.0,"y":0.0},"psize":0.0,"raw":{"x":0.0,"y":0.0}},"raw":{"x":0.0,"y":0.0},"righteye":{"avg":{"x":0.0,"y":0.0},"pcenter":{"x":0.5945,"y":0.3632},"psize":26.1708,"raw":{"x":0.0,"y":0.0}},"state":4,"time":978413425,"timestamp":"2018-10-03 10:25:05.393"}}}
{"category":"tracker","request":"get","statuscode":200,"values":{"frame":{"avg":{"x":0.0,"y":0.0},"fix":false,"lefteye":{"avg":{"x":0.0,"y":0.0},"pcenter":{"x":0.0,"y":0.0},"psize":0.0,"raw":{"x":0.0,"y":0.0}},"raw":{"x":0.0,"y":0.0},"righteye":{"avg":{"x":0.0,"y":0.0},"pcenter":{"x":0.5930,"y":0.3622},"psize":24.8866,"raw":{"x":0.0,"y":0.0}},"state":4,"time":978413459,"timestamp":"2018-10-03 10:25:05.427"}}}
{"category":"tracker","request":"get","statuscode":200,"values":{"frame":{"avg":{"x":0.0,"y":0.0},"fix":false,"lefteye":{"avg":{"x":0.0,"y":0.0},"pcenter":{"x":0.4463,"y":0.3585},"psize":26.7903,"raw":{"x":0.0,"y":0.0}},"raw":{"x":0.0,"y":0.0},"righteye":{"avg":{"x":0.0,"y":0.0},"pcenter":{"x":0.5928,"y":0.3625},"psize":25.1013,"raw":{"x":0.0,"y":0.0}},"state":4,"time":978413504,"timestamp":"2018-10-03 10:25:05.472"}}}
{"category":"tracker","request":"get","statuscode":200,"values":{"frame":{"avg":{"x":0.0,"y":0.0},"fix":false,"lefteye":{"avg":{"x":0.0,"y":0.0},"pcenter":{"x":0.4406,"y":0.3357},"psize":9.3222,"raw":{"x":0.0,"y":0.0}},"raw":{"x":0.0,"y":0.0},"righteye":{"avg":{"x":0.0,"y":0.0},"pcenter":{"x":0.0,"y":0.0},"psize":0.0,"raw":{"x":0.0,"y":0.0}},"state":4,"time":978413539,"timestamp":"2018-10-03 10:25:05.507"}}}
{"category":"tracker","request":"get","statuscode":200,"values":{"frame":{"avg":{"x":0.0,"y":0.0},"fix":false,"lefteye":{"avg":{"x":0.0,"y":0.0},"pcenter":{"x":0.4464,"y":0.3338},"psize":7.7831,"raw":{"x":0.0,"y":0.0}},"raw":{"x":0.0,"y":0.0},"righteye":{"avg":{"x":0.0,"y":0.0},"pcenter":{"x":0.0,"y":0.0},"psize":0.0,"raw":{"x":0.0,"y":0.0}},"state":4,"time":978413572,"timestamp":"2018-10-03 10:25:05.540"}}}
{"category":"tracker","request":"get","statuscode":200,"values":{"frame":{"avg":{"x":0.0,"y":0.0},"fix":false,"lefteye":{"avg":{"x":0.0,"y":0.0},"pcenter":{"x":0.4465,"y":0.3342},"psize":8.2950,"raw":{"x":0.0,"y":0.0}},"raw":{"x":0.0,"y":0.0},"righteye":{"avg":{"x":0.0,"y":0.0},"pcenter":{"x":0.5930,"y":0.3626},"psize":25.1022,"raw":{"x":0.0,"y":0.0}},"state":4,"time":978413606,"timestamp":"2018-10-03 10:25:05.574"}}}
{"category":"tracker","request":"get","statuscode":200,"values":{"frame":{"avg":{"x":0.0,"y":0.0},"fix":false,"lefteye":{"avg":{"x":0.0,"y":0.0},"pcenter":{"x":0.4466,"y":0.3345},"psize":8.0576,"raw":{"x":0.0,"y":0.0}},"raw":{"x":0.0,"y":0.0},"righteye":{"avg":{"x":0.0,"y":0.0},"pcenter":{"x":0.5929,"y":0.3628},"psize":25.4413,"raw":{"x":0.0,"y":0.0}},"state":4,"time":978413649,"timestamp":"2018-10-03 10:25:05.617"}}}
{"category":"heartbeat","statuscode":200}
{"category":"tracker","request":"get","statuscode":200,"values":{"frame":{"avg":{"x":0.0,"y":0.0},"fix":false,"lefteye":{"avg":{"x":0.0,"y":0.0},"pcenter":{"x":0.4362,"y":0.3380},"psize":8.7643,"raw":{"x":0.0,"y":0.0}},"raw":{"x":0.0,"y":0.0},"righteye":{"avg":{"x":0.0,"y":0.0},"pcenter":{"x":0.0,"y":0.0},"psize":0.0,"raw":{"x":0.0,"y":0.0}},"state":4,"time":978413682,"timestamp":"2018-10-03 10:25:05.650"}}}
{"category":"tracker","request":"get","statuscode":200,"values":{"frame":{"avg":{"x":0.0,"y":0.0},"fix":false,"lefteye":{"avg":{"x":0.0,"y":0.0},"pcenter":{"x":0.4360,"y":0.3390},"psize":8.6951,"raw":{"x":0.0,"y":0.0}},"raw":{"x":0.0,"y":0.0},"righteye":{"avg":{"x":0.0,"y":0.0},"pcenter":{"x":0.0,"y":0.0},"psize":0.0,"raw":{"x":0.0,"y":0.0}},"state":4,"time":978413716,"timestamp":"2018-10-03 10:25:05.684"}}}
{"category":"tracker","request":"get","statuscode":200,"values":{"frame":{"avg":{"x":0.0,"y":0.0},"fix":false,"lefteye":{"avg":{"x":0.0,"y":0.0},"pcenter":{"x":0.4360,"y":0.3383},"psize":8.6924,"raw":{"x":0.0,"y":0.0}},"raw":{"x":0.0,"y":0.0},"righteye":{"avg":{"x":0.0,"y":0.0},"pcenter":{"x":0.5929,"y":0.3633},"psize":25.6668,"raw":{"x":0.0,"y":0.0}},"state":4,"time":978413762,"timestamp":"2018-10-03 10:25:05.730"}}}
{"category":"tracker","request":"get","statuscode":200,"values":{"frame":{"avg":{"x":0.0,"y":0.0},"fix":false,"lefteye":{"avg":{"x":0.0,"y":0.0},"pcenter":{"x":0.4361,"y":0.3385},"psize":9.6853,"raw":{"x":0.0,"y":0.0}},"raw":{"x":0.0,"y":0.0},"righteye":{"avg":{"x":0.0,"y":0.0},"pcenter":{"x":0.5930,"y":0.3635},"psize":25.8086,"raw":{"x":0.0,"y":0.0}},"state":4,"time":978413795,"timestamp":"2018-10-03 10:25:05.763"}}}
{"category":"tracker","request":"get","statuscode":200,"values":{"frame":{"avg":{"x":0.0,"y":0.0},"fix":false,"lefteye":{"avg":{"x":0.0,"y":0.0},"pcenter":{"x":0.4359,"y":0.3389},"psize":9.1689,"raw":{"x":0.0,"y":0.0}},"raw":{"x":0.0,"y":0.0},"righteye":{"avg":{"x":0.0,"y":0.0},"pcenter":{"x":0.0,"y":0.0},"psize":0.0,"raw":{"x":0.0,"y":0.0}},"state":4,"time":978413829,"timestamp":"2018-10-03 10:25:05.797"}}}
{"category":"tracker","request":"get","statuscode":200,"values":{"frame":{"avg":{"x":0.0,"y":0.0},"fix":false,"lefteye":{"avg":{"x":0.0,"y":0.0},"pcenter":{"x":0.4363,"y":0.3382},"psize":8.9390,"raw":{"x":0.0,"y":0.0}},"raw":{"x":0.0,"y":0.0},"righteye":{"avg":{"x":0.0,"y":0.0},"pcenter":{"x":0.5928,"y":0.3632},"psize":24.3091,"raw":{"x":0.0,"y":0.0}},"state":4,"time":978413873,"timestamp":"2018-10-03 10:25:05.841"}}}
{"category":"tracker","request":"get","statuscode":200,"values":{"frame":{"avg":{"x":0.0,"y":0.0},"fix":false,"lefteye":{"avg":{"x":0.0,"y":0.0},"pcenter":{"x":0.0,"y":0.0},"psize":0.0,"raw":{"x":0.0,"y":0.0}},"raw":{"x":0.0,"y":0.0},"righteye":{"avg":{"x":0.0,"y":0.0},"pcenter":{"x":0.5926,"y":0.3628},"psize":24.0798,"raw":{"x":0.0,"y":0.0}},"state":4,"time":978413906,"timestamp":"2018-10-03 10:25:05.874"}}}
{"category":"tracker","request":"get","statuscode":200,"values":{"frame":{"avg":{"x":925.9833,"y":270.9503},"fix":false,"lefteye":{"avg":{"x":0.0,"y":0.0},"pcenter":{"x":0.0,"y":0.0},"psize":0.0,"raw":{"x":0.0,"y":0.0}},"raw":{"x":1038.9896,"y":-188.9933},"righteye":{"avg":{"x":925.9833,"y":270.9503},"pcenter":{"x":0.5926,"y":0.3621},"psize":20.2709,"raw":{"x":1038.9896,"y":-188.9933}},"state":7,"time":978413940,"timestamp":"2018-10-03 10:25:05.908"}}}
{"category":"tracker","request":"get","statuscode":200,"values":{"frame":{"avg":{"x":0.0,"y":0.0},"fix":false,"lefteye":{"avg":{"x":0.0,"y":0.0},"pcenter":{"x":0.4364,"y":0.3381},"psize":9.8913,"raw":{"x":0.0,"y":0.0}},"raw":{"x":0.0,"y":0.0},"righteye":{"avg":{"x":0.0,"y":0.0},"pcenter":{"x":0.0,"y":0.0},"psize":0.0,"raw":{"x":0.0,"y":0.0}},"state":4,"time":978413984,"timestamp":"2018-10-03 10:25:05.952"}}}
{"category":"tracker","request":"get","statuscode":200,"values":{"frame":{"avg":{"x":0.0,"y":0.0},"fix":false,"lefteye":{"avg":{"x":0.0,"y":0.0},"pcenter":{"x":0.4355,"y":0.3386},"psize":12.5037,"raw":{"x":0.0,"y":0.0}},"raw":{"x":0.0,"y":0.0},"righteye":{"avg":{"x":0.0,"y":0.0},"pcenter":{"x":0.6056,"y":0.3416},"psize":10.1830,"raw":{"x":0.0,"y":0.0}},"state":4,"time":978414017,"timestamp":"2018-10-03 10:25:05.985"}}}
{"category":"tracker","request":"get","statuscode":200,"values":{"frame":{"avg":{"x":0.0,"y":0.0},"fix":false,"lefteye":{"avg":{"x":0.0,"y":0.0},"pcenter":{"x":0.0,"y":0.0},"psize":0.0,"raw":{"x":0.0,"y":0.0}},"raw":{"x":0.0,"y":0.0},"righteye":{"avg":{"x":0.0,"y":0.0},"pcenter":{"x":0.0,"y":0.0},"psize":0.0,"raw":{"x":0.0,"y":0.0}},"state":4,"time":978414052,"timestamp":"2018-10-03 10:25:06.020"}}}
{"category":"tracker","request":"get","statuscode":200,"values":{"frame":{"avg":{"x":0.0,"y":0.0},"fix":false,"lefteye":{"avg":{"x":0.0,"y":0.0},"pcenter":{"x":0.4469,"y":0.3568},"psize":18.2596,"raw":{"x":0.0,"y":0.0}},"raw":{"x":0.0,"y":0.0},"righteye":{"avg":{"x":0.0,"y":0.0},"pcenter":{"x":0.0,"y":0.0},"psize":0.0,"raw":{"x":0.0,"y":0.0}},"state":4,"time":978414086,"timestamp":"2018-10-03 10:25:06.054"}}}
{"category":"tracker","request":"get","statuscode":200,"values":{"frame":{"avg":{"x":0.0,"y":0.0},"fix":false,"lefteye":{"avg":{"x":0.0,"y":0.0},"pcenter":{"x":0.4293,"y":0.3419},"psize":12.2396,"raw":{"x":0.0,"y":0.0}},"raw":{"x":0.0,"y":0.0},"righteye":{"avg":{"x":0.0,"y":0.0},"pcenter":{"x":0.6107,"y":0.3429},"psize":8.0746,"raw":{"x":0.0,"y":0.0}},"state":4,"time":978414129,"timestamp":"2018-10-03 10:25:06.097"}}}
{"category":"tracker","request":"get","statuscode":200,"values":{"frame":{"avg":{"x":0.0,"y":0.0},"fix":false,"lefteye":{"avg":{"x":0.0,"y":0.0},"pcenter":{"x":0.0,"y":0.0},"psize":0.0,"raw":{"x":0.0,"y":0.0}},"raw":{"x":0.0,"y":0.0},"righteye":{"avg":{"x":0.0,"y":0.0},"pcenter":{"x":0.0,"y":0.0},"psize":0.0,"raw":{"x":0.0,"y":0.0}},"state":4,"time":978414163,"timestamp":"2018-10-03 10:25:06.131"}}}
{"category":"tracker","request":"get","statuscode":200,"values":{"frame":{"avg":{"x":0.0,"y":0.0},"fix":false,"lefteye":{"avg":{"x":0.0,"y":0.0},"pcenter":{"x":0.0,"y":0.0},"psize":0.0,"raw":{"x":0.0,"y":0.0}},"raw":{"x":0.0,"y":0.0},"righteye":{"avg":{"x":0.0,"y":0.0},"pcenter":{"x":0.0,"y":0.0},"psize":0.0,"raw":{"x":0.0,"y":0.0}},"state":4,"time":978414206,"timestamp":"2018-10-03 10:25:06.174"}}}
{"category":"tracker","request":"get","statuscode":200,"values":{"frame":{"avg":{"x":0.0,"y":0.0},"fix":false,"lefteye":{"avg":{"x":0.0,"y":0.0},"pcenter":{"x":0.0,"y":0.0},"psize":0.0,"raw":{"x":0.0,"y":0.0}},"raw":{"x":0.0,"y":0.0},"righteye":{"avg":{"x":0.0,"y":0.0},"pcenter":{"x":0.0,"y":0.0},"psize":0.0,"raw":{"x":0.0,"y":0.0}},"state":4,"time":978414239,"timestamp":"2018-10-03 10:25:06.207"}}}
{"category":"tracker","request":"get","statuscode":200,"values":{"frame":{"avg":{"x":0.0,"y":0.0},"fix":false,"lefteye":{"avg":{"x":0.0,"y":0.0},"pcenter":{"x":0.0,"y":0.0},"psize":0.0,"raw":{"x":0.0,"y":0.0}},"raw":{"x":0.0,"y":0.0},"righteye":{"avg":{"x":0.0,"y":0.0},"pcenter":{"x":0.0,"y":0.0},"psize":0.0,"raw":{"x":0.0,"y":0.0}},"state":4,"time":978414273,"timestamp":"2018-10-03 10:25:06.241"}}}
{"category":"tracker","request":"get","statuscode":200,"values":{"frame":{"avg":{"x":0.0,"y":0.0},"fix":false,"lefteye":{"avg":{"x":0.0,"y":0.0},"pcenter":{"x":0.0,"y":0.0},"psize":0.0,"raw":{"x":0.0,"y":0.0}},"raw":{"x":0.0,"y":0.0},"righteye":{"avg":{"x":0.0,"y":0.0},"pcenter":{"x":0.0,"y":0.0},"psize":0.0,"raw":{"x":0.0,"y":0.0}},"state":4,"time":978414316,"timestamp":"2018-10-03 10:25:06.284"}}}
{"category":"tracker","request":"get","statuscode":200,"values":{"frame":{"avg":{"x":0.0,"y":0.0},"fix":false,"lefteye":{"avg":{"x":0.0,"y":0.0},"pcenter":{"x":0.0,"y":0.0},"psize":0.0,"raw":{"x":0.0,"y":0.0}},"raw":{"x":0.0,"y":0.0},"righteye":{"avg":{"x":0.0,"y":0.0},"pcenter":{"x":0.0,"y":0.0},"psize":0.0,"raw":{"x":0.0,"y":0.0}},"state":4,"time":978414350,"timestamp":"2018-10-03 10:25:06.318"}}}
{"category":"tracker","request":"get","statuscode":200,"values":{"frame":{"avg":{"x":0.0,"y":0.0},"fix":false,"lefteye":{"avg":{"x":0.0,"y":0.0},"pcenter":{"x":0.0,"y":0.0},"psize":0.0,"raw":{"x":0.0,"y":0.0}},"raw":{"x":0.0,"y":0.0},"righteye":{"avg":{"x":0.0,"y":0.0},"pcenter":{"x":0.0,"y":0.0},"psize":0.0,"raw":{"x":0.0,"y":0.0}},"state":4,"time":978414383,"timestamp":"2018-10-03 10:25:06.351"}}}
{"category":"tracker","request":"get","statuscode":200,"values":{"frame":{"avg":{"x":0.0,"y":0.0},"fix":false,"lefteye":{"avg":{"x":0.0,"y":0.0},"pcenter":{"x":0.0,"y":0.0},"psize":0.0,"raw":{"x":0.0,"y":0.0}},"raw":{"x":0.0,"y":0.0},"righteye":{"avg":{"x":0.0,"y":0.0},"pcenter":{"x":0.0,"y":0.0},"psize":0.0,"raw":{"x":0.0,"y":0.0}},"state":4,"time":978414428,"timestamp":"2018-10-03 10:25:06.396"}}}
{"category":"tracker","request":"get","statuscode":200,"values":{"frame":{"avg":{"x":0.0,"y":0.0},"fix":false,"lefteye":{"avg":{"x":0.0,"y":0.0},"pcenter":{"x":0.4361,"y":0.3381},"psize":10.4026,"raw":{"x":0.0,"y":0.0}},"raw":{"x":0.0,"y":0.0},"righteye":{"avg":{"x":0.0,"y":0.0},"pcenter":{"x":0.0,"y":0.0},"psize":0.0,"raw":{"x":0.0,"y":0.0}},"state":4,"time":978414463,"timestamp":"2018-10-03 10:25:06.431"}}}
{"category":"tracker","request":"get","statuscode":200,"values":{"frame":{"avg":{"x":0.0,"y":0.0},"fix":false,"lefteye":{"avg":{"x":0.0,"y":0.0},"pcenter":{"x":0.4305,"y":0.3419},"psize":14.5225,"raw":{"x":0.0,"y":0.0}},"raw":{"x":0.0,"y":0.0},"righteye":{"avg":{"x":0.0,"y":0.0},"pcenter":{"x":0.0,"y":0.0},"psize":0.0,"raw":{"x":0.0,"y":0.0}},"state":4,"time":978414497,"timestamp":"2018-10-03 10:25:06.465"}}}
{"category":"tracker","request":"get","statuscode":200,"values":{"frame":{"avg":{"x":0.0,"y":0.0},"fix":false,"lefteye":{"avg":{"x":0.0,"y":0.0},"pcenter":{"x":0.0,"y":0.0},"psize":0.0,"raw":{"x":0.0,"y":0.0}},"raw":{"x":0.0,"y":0.0},"righteye":{"avg":{"x":0.0,"y":0.0},"pcenter":{"x":0.0,"y":0.0},"psize":0.0,"raw":{"x":0.0,"y":0.0}},"state":4,"time":978414532,"timestamp":"2018-10-03 10:25:06.500"}}}
{"category":"tracker","request":"get","statuscode":200,"values":{"frame":{"avg":{"x":0.0,"y":0.0},"fix":false,"lefteye":{"avg":{"x":0.0,"y":0.0},"pcenter":{"x":0.4364,"y":0.3386},"psize":12.2553,"raw":{"x":0.0,"y":0.0}},"raw":{"x":0.0,"y":0.0},"righteye":{"avg":{"x":0.0,"y":0.0},"pcenter":{"x":0.0,"y":0.0},"psize":0.0,"raw":{"x":0.0,"y":0.0}},"state":4,"time":978414575,"timestamp":"2018-10-03 10:25:06.543"}}}
{"category":"tracker","request":"get","statuscode":200,"values":{"frame":{"avg":{"x":0.0,"y":0.0},"fix":false,"lefteye":{"avg":{"x":0.0,"y":0.0},"pcenter":{"x":0.0,"y":0.0},"psize":0.0,"raw":{"x":0.0,"y":0.0}},"raw":{"x":0.0,"y":0.0},"righteye":{"avg":{"x":0.0,"y":0.0},"pcenter":{"x":0.0,"y":0.0},"psize":0.0,"raw":{"x":0.0,"y":0.0}},"state":4,"time":978414609,"timestamp":"2018-10-03 10:25:06.577"}}}
{"category":"tracker","request":"get","statuscode":200,"values":{"frame":{"avg":{"x":0.0,"y":0.0},"fix":false,"lefteye":{"avg":{"x":0.0,"y":0.0},"pcenter":{"x":0.0,"y":0.0},"psize":0.0,"raw":{"x":0.0,"y":0.0}},"raw":{"x":0.0,"y":0.0},"righteye":{"avg":{"x":0.0,"y":0.0},"pcenter":{"x":0.0,"y":0.0},"psize":0.0,"raw":{"x":0.0,"y":0.0}},"state":4,"time":978414642,"timestamp":"2018-10-03 10:25:06.610"}}}
{"category":"heartbeat","statuscode":200}
{"category":"tracker","request":"get","statuscode":200,"values":{"frame":{"avg":{"x":0.0,"y":0.0},"fix":false,"lefteye":{"avg":{"x":0.0,"y":0.0},"pcenter":{"x":0.0,"y":0.0},"psize":0.0,"raw":{"x":0.0,"y":0.0}},"raw":{"x":0.0,"y":0.0},"righteye":{"avg":{"x":0.0,"y":0.0},"pcenter":{"x":0.0,"y":0.0},"psize":0.0,"raw":{"x":0.0,"y":0.0}},"state":4,"time":978414686,"timestamp":"2018-10-03 10:25:06.654"}}}
{"category":"tracker","request":"get","statuscode":200,"values":{"frame":{"avg":{"x":35.6443,"y":45.0709},"fix":false,"lefteye":{"avg":{"x":35.6443,"y":45.0709},"pcenter":{"x":0.4506,"y":0.3586},"psize":28.6595,"raw":{"x":35.6443,"y":45.0709}},"raw":{"x":35.6443,"y":45.0709},"righteye":{"avg":{"x":0.0,"y":0.0},"pcenter":{"x":0.0,"y":0.0},"psize":0.0,"raw":{"x":0.0,"y":0.0}},"state":7,"time":978414719,"timestamp":"2018-10-03 10:25:06.687"}}}
{"category":"tracker","request":"get","statuscode":200,"values":{"frame":{"avg":{"x":0.0,"y":0.0},"fix":false,"lefteye":{"avg":{"x":0.0,"y":0.0},"pcenter":{"x":0.4505,"y":0.3586},"psize":28.8436,"raw":{"x":0.0,"y":0.0}},"raw":{"x":0.0,"y":0.0},"righteye":{"avg":{"x":0.0,"y":0.0},"pcenter":{"x":0.5973,"y":0.3637},"psize":27.0486,"raw":{"x":0.0,"y":0.0}},"state":4,"time":978414752,"timestamp":"2018-10-03 10:25:06.720"}}}
{"category":"tracker","request":"get","statuscode":200,"values":{"frame":{"avg":{"x":379.6259,"y":137.5103},"fix":false,"lefteye":{"avg":{"x":0.0,"y":0.0},"pcenter":{"x":0.4506,"y":0.3586},"psize":28.3462,"raw":{"x":0.0,"y":0.0}},"raw":{"x":119.2953,"y":110.9794},"righteye":{"avg":{"x":722.7312,"y":229.7142},"pcenter":{"x":0.5974,"y":0.3637},"psize":26.8392,"raw":{"x":119.2953,"y":110.9794}},"state":7,"time":978414797,"timestamp":"2018-10-03 10:25:06.765"}}}
{"category":"tracker","request":"get","statuscode":200,"values":{"frame":{"avg":{"x":0.0,"y":0.0},"fix":false,"lefteye":{"avg":{"x":0.0,"y":0.0},"pcenter":{"x":0.4508,"y":0.3586},"psize":27.5953,"raw":{"x":0.0,"y":0.0}},"raw":{"x":0.0,"y":0.0},"righteye":{"avg":{"x":0.0,"y":0.0},"pcenter":{"x":0.5974,"y":0.3639},"psize":26.0424,"raw":{"x":0.0,"y":0.0}},"state":7,"time":978414831,"timestamp":"2018-10-03 10:25:06.799"}}}
{"category":"tracker","request":"get","statuscode":200,"values":{"frame":{"avg":{"x":0.0,"y":0.0},"fix":false,"lefteye":{"avg":{"x":0.0,"y":0.0},"pcenter":{"x":0.0,"y":0.0},"psize":0.0,"raw":{"x":0.0,"y":0.0}},"raw":{"x":0.0,"y":0.0},"righteye":{"avg":{"x":0.0,"y":0.0},"pcenter":{"x":0.0,"y":0.0},"psize":0.0,"raw":{"x":0.0,"y":0.0}},"state":4,"time":978414864,"timestamp":"2018-10-03 10:25:06.832"}}}
{"category":"tracker","request":"get","statuscode":200,"values":{"frame":{"avg":{"x":0.0,"y":0.0},"fix":false,"lefteye":{"avg":{"x":0.0,"y":0.0},"pcenter":{"x":0.0,"y":0.0},"psize":0.0,"raw":{"x":0.0,"y":0.0}},"raw":{"x":0.0,"y":0.0},"righteye":{"avg":{"x":0.0,"y":0.0},"pcenter":{"x":0.0,"y":0.0},"psize":0.0,"raw":{"x":0.0,"y":0.0}},"state":4,"time":978414908,"timestamp":"2018-10-03 10:25:06.876"}}}
{"category":"tracker","request":"get","statuscode":200,"values":{"frame":{"avg":{"x":0.0,"y":0.0},"fix":false,"lefteye":{"avg":{"x":0.0,"y":0.0},"pcenter":{"x":0.4510,"y":0.3587},"psize":26.8967,"raw":{"x":0.0,"y":0.0}},"raw":{"x":0.0,"y":0.0},"righteye":{"avg":{"x":0.0,"y":0.0},"pcenter":{"x":0.5975,"y":0.3637},"psize":24.7096,"raw":{"x":0.0,"y":0.0}},"state":7,"time":978414943,"timestamp":"2018-10-03 10:25:06.911"}}}
{"category":"tracker","request":"get","statuscode":200,"values":{"frame":{"avg":{"x":0.0,"y":0.0},"fix":false,"lefteye":{"avg":{"x":0.0,"y":0.0},"pcenter":{"x":0.4507,"y":0.3583},"psize":26.0853,"raw":{"x":0.0,"y":0.0}},"raw":{"x":0.0,"y":0.0},"righteye":{"avg":{"x":0.0,"y":0.0},"pcenter":{"x":0.5973,"y":0.3635},"psize":25.0352,"raw":{"x":0.0,"y":0.0}},"state":4,"time":978414976,"timestamp":"2018-10-03 10:25:06.944"}}}
{"category":"tracker","request":"get","statuscode":200,"values":{"frame":{"avg":{"x":0.0,"y":0.0},"fix":false,"lefteye":{"avg":{"x":0.0,"y":0.0},"pcenter":{"x":0.4541,"y":0.3363},"psize":9.7753,"raw":{"x":0.0,"y":0.0}},"raw":{"x":0.0,"y":0.0},"righteye":{"avg":{"x":0.0,"y":0.0},"pcenter":{"x":0.0,"y":0.0},"psize":0.0,"raw":{"x":0.0,"y":0.0}},"state":4,"time":978415020,"timestamp":"2018-10-03 10:25:06.988"}}}
{"category":"tracker","request":"get","statuscode":200,"values":{"frame":{"avg":{"x":0.0,"y":0.0},"fix":false,"lefteye":{"avg":{"x":0.0,"y":0.0},"pcenter":{"x":0.4538,"y":0.3363},"psize":9.0140,"raw":{"x":0.0,"y":0.0}},"raw":{"x":0.0,"y":0.0},"righteye":{"avg":{"x":0.0,"y":0.0},"pcenter":{"x":0.5957,"y":0.3644},"psize":25.6087,"raw":{"x":0.0,"y":0.0}},"state":4,"time":978415053,"timestamp":"2018-10-03 10:25:07.021"}}}
{"category":"tracker","request":"get","statuscode":200,"values":{"frame":{"avg":{"x":0.0,"y":0.0},"fix":false,"lefteye":{"avg":{"x":0.0,"y":0.0},"pcenter":{"x":0.4544,"y":0.3365},"psize":9.7209,"raw":{"x":0.0,"y":0.0}},"raw":{"x":0.0,"y":0.0},"righteye":{"avg":{"x":0.0,"y":0.0},"pcenter":{"x":0.5958,"y":0.3639},"psize":24.9699,"raw":{"x":0.0,"y":0.0}},"state":4,"time":978415087,"timestamp":"2018-10-03 10:25:07.055"}}}
{"category":"tracker","request":"get","statuscode":200,"values":{"frame":{"avg":{"x":0.0,"y":0.0},"fix":false,"lefteye":{"avg":{"x":0.0,"y":0.0},"pcenter":{"x":0.4537,"y":0.3369},"psize":9.7182,"raw":{"x":0.0,"y":0.0}},"raw":{"x":0.0,"y":0.0},"righteye":{"avg":{"x":0.0,"y":0.0},"pcenter":{"x":0.5958,"y":0.3639},"psize":24.8804,"raw":{"x":0.0,"y":0.0}},"state":4,"time":978415122,"timestamp":"2018-10-03 10:25:07.090"}}}
{"category":"tracker","request":"get","statuscode":200,"values":{"frame":{"avg":{"x":435.3087,"y":117.7604},"fix":false,"lefteye":{"avg":{"x":0.0,"y":0.0},"pcenter":{"x":0.0,"y":0.0},"psize":0.0,"raw":{"x":0.0,"y":0.0}},"raw":{"x":888.4222,"y":78.0072},"righteye":{"avg":{"x":888.4222,"y":78.0072},"pcenter":{"x":0.5957,"y":0.3647},"psize":27.5205,"raw":{"x":888.4222,"y":78.0072}},"state":7,"time":978415166,"timestamp":"2018-10-03 10:25:07.134"}}}
{"category":"tracker","request":"get","statuscode":200,"values":{"frame":{"avg":{"x":0.0,"y":0.0},"fix":false,"lefteye":{"avg":{"x":0.0,"y":0.0},"pcenter":{"x":0.0,"y":0.0},"psize":0.0,"raw":{"x":0.0,"y":0.0}},"raw":{"x":0.0,"y":0.0},"righteye":{"avg":{"x":0.0,"y":0.0},"pcenter":{"x":0.5957,"y":0.3643},"psize":26.6286,"raw":{"x":0.0,"y":0.0}},"state":4,"time":978415200,"timestamp":"2018-10-03 10:25:07.168"}}}
{"category":"tracker","request":"get","statuscode":200,"values":{"frame":{"avg":{"x":0.0,"y":0.0},"fix":false,"lefteye":{"avg":{"x":0.0,"y":0.0},"pcenter":{"x":0.4490,"y":0.3596},"psize":26.5951,"raw":{"x":0.0,"y":0.0}},"raw":{"x":0.0,"y":0.0},"righteye":{"avg":{"x":0.0,"y":0.0},"pcenter":{"x":0.5958,"y":0.3645},"psize":27.3342,"raw":{"x":0.0,"y":0.0}},"state":7,"time":978415233,"timestamp":"2018-10-03 10:25:07.201"}}}
{"category":"tracker","request":"get","statuscode":200,"values":{"frame":{"avg":{"x":0.0,"y":0.0},"fix":false,"lefteye":{"avg":{"x":0.0,"y":0.0},"pcenter":{"x":0.4489,"y":0.3598},"psize":26.8102,"raw":{"x":0.0,"y":0.0}},"raw":{"x":0.0,"y":0.0},"righteye":{"avg":{"x":0.0,"y":0.0},"pcenter":{"x":0.5959,"y":0.3647},"psize":27.0686,"raw":{"x":0.0,"y":0.0}},"state":4,"time":978415276,"timestamp":"2018-10-03 10:25:07.244"}}}
{"category":"tracker","request":"get","statuscode":200,"values":{"frame":{"avg":{"x":0.0,"y":0.0},"fix":false,"lefteye":{"avg":{"x":0.0,"y":0.0},"pcenter":{"x":0.0,"y":0.0},"psize":0.0,"raw":{"x":0.0,"y":0.0}},"raw":{"x":0.0,"y":0.0},"righteye":{"avg":{"x":0.0,"y":0.0},"pcenter":{"x":0.0,"y":0.0},"psize":0.0,"raw":{"x":0.0,"y":0.0}},"state":4,"time":978415310,"timestamp":"2018-10-03 10:25:07.278"}}}
{"category":"tracker","request":"get","statuscode":200,"values":{"frame":{"avg":{"x":0.0,"y":0.0},"fix":false,"lefteye":{"avg":{"x":0.0,"y":0.0},"pcenter":{"x":0.0,"y":0.0},"psize":0.0,"raw":{"x":0.0,"y":0.0}},"raw":{"x":0.0,"y":0.0},"righteye":{"avg":{"x":0.0,"y":0.0},"pcenter":{"x":0.0,"y":0.0},"psize":0.0,"raw":{"x":0.0,"y":0.0}},"state":4,"time":978415354,"timestamp":"2018-10-03 10:25:07.322"}}}
{"category":"tracker","request":"get","statuscode":200,"values":{"frame":{"avg":{"x":0.0,"y":0.0},"fix":false,"lefteye":{"avg":{"x":0.0,"y":0.0},"pcenter":{"x":0.4539,"y":0.3608},"psize":24.1779,"raw":{"x":0.0,"y":0.0}},"raw":{"x":0.0,"y":0.0},"righteye":{"avg":{"x":0.0,"y":0.0},"pcenter":{"x":0.0,"y":0.0},"psize":0.0,"raw":{"x":0.0,"y":0.0}},"state":4,"time":978415389,"timestamp":"2018-10-03 10:25:07.357"}}}
{"category":"tracker","request":"get","statuscode":200,"values":{"frame":{"avg":{"x":0.0,"y":0.0},"fix":false,"lefteye":{"avg":{"x":0.0,"y":0.0},"pcenter":{"x":0.4539,"y":0.3589},"psize":26.8006,"raw":{"x":0.0,"y":0.0}},"raw":{"x":0.0,"y":0.0},"righteye":{"avg":{"x":0.0,"y":0.0},"pcenter":{"x":0.6008,"y":0.3646},"psize":26.4393,"raw":{"x":0.0,"y":0.0}},"state":4,"time":978415424,"timestamp":"2018-10-03 10:25:07.392"}}}
{"category":"tracker","request":"get","statuscode":200,"values":{"frame":{"avg":{"x":0.0,"y":0.0},"fix":false,"lefteye":{"avg":{"x":0.0,"y":0.0},"pcenter":{"x":0.4520,"y":0.3594},"psize":46.5612,"raw":{"x":0.0,"y":0.0}},"raw":{"x":0.0,"y":0.0},"righteye":{"avg":{"x":0.0,"y":0.0},"pcenter":{"x":0.6006,"y":0.3643},"psize":26.8961,"raw":{"x":0.0,"y":0.0}},"state":4,"time":978415458,"timestamp":"2018-10-03 10:25:07.426"}}}
{"category":"tracker","request":"get","statuscode":200,"values":{"frame":{"avg":{"x":946.4064,"y":-30.6970},"fix":false,"lefteye":{"avg":{"x":0.0,"y":0.0},"pcenter":{"x":0.4504,"y":0.3585},"psize":43.2911,"raw":{"x":0.0,"y":0.0}},"raw":{"x":2459.0569,"y":-470.9759},"righteye":{"avg":{"x":2459.0569,"y":-470.9759},"pcenter":{"x":0.6007,"y":0.3645},"psize":26.8492,"raw":{"x":2459.0569,"y":-470.9759}},"state":7,"time":978415500,"timestamp":"2018-10-03 10:25:07.468"}}}
{"category":"tracker","request":"get","statuscode":200,"values":{"frame":{"avg":{"x":0.0,"y":0.0},"fix":false,"lefteye":{"avg":{"x":0.0,"y":0.0},"pcenter":{"x":0.0,"y":0.0},"psize":0.0,"raw":{"x":0.0,"y":0.0}},"raw":{"x":0.0,"y":0.0},"righteye":{"avg":{"x":0.0,"y":0.0},"pcenter":{"x":0.6008,"y":0.3645},"psize":26.9374,"raw":{"x":0.0,"y":0.0}},"state":4,"time":978415534,"timestamp":"2018-10-03 10:25:07.502"}}}
{"category":"tracker","request":"get","statuscode":200,"values":{"frame":{"avg":{"x":0.0,"y":0.0},"fix":false,"lefteye":{"avg":{"x":0.0,"y":0.0},"pcenter":{"x":0.4541,"y":0.3586},"psize":26.7043,"raw":{"x":0.0,"y":0.0}},"raw":{"x":0.0,"y":0.0},"righteye":{"avg":{"x":0.0,"y":0.0},"pcenter":{"x":0.6009,"y":0.3645},"psize":26.5895,"raw":{"x":0.0,"y":0.0}},"state":4,"time":978415567,"timestamp":"2018-10-03 10:25:07.535"}}}
{"category":"tracker","request":"get","statuscode":200,"values":{"frame":{"avg":{"x":0.0,"y":0.0},"fix":false,"lefteye":{"avg":{"x":0.0,"y":0.0},"pcenter":{"x":0.0,"y":0.0},"psize":0.0,"raw":{"x":0.0,"y":0.0}},"raw":{"x":0.0,"y":0.0},"righteye":{"avg":{"x":0.0,"y":0.0},"pcenter":{"x":0.6008,"y":0.3645},"psize":25.6283,"raw":{"x":0.0,"y":0.0}},"state":4,"time":978415611,"timestamp":"2018-10-03 10:25:07.579"}}}
{"category":"tracker","request":"get","statuscode":200,"values":{"frame":{"avg":{"x":0.0,"y":0.0},"fix":false,"lefteye":{"avg":{"x":0.0,"y":0.0},"pcenter":{"x":0.0,"y":0.0},"psize":0.0,"raw":{"x":0.0,"y":0.0}},"raw":{"x":0.0,"y":0.0},"righteye":{"avg":{"x":0.0,"y":0.0},"pcenter":{"x":0.6008,"y":0.3646},"psize":25.6805,"raw":{"x":0.0,"y":0.0}},"state":4,"time":978415645,"timestamp":"2018-10-03 10:25:07.613"}}}
{"category":"heartbeat","statuscode":200}
{"category":"tracker","request":"get","statuscode":200,"values":{"frame":{"avg":{"x":0.0,"y":0.0},"fix":false,"lefteye":{"avg":{"x":0.0,"y":0.0},"pcenter":{"x":0.4520,"y":0.3572},"psize":22.5570,"raw":{"x":0.0,"y":0.0}},"raw":{"x":0.0,"y":0.0},"righteye":{"avg":{"x":0.0,"y":0.0},"pcenter":{"x":0.5985,"y":0.3640},"psize":25.2112,"raw":{"x":0.0,"y":0.0}},"state":4,"time":978415679,"timestamp":"2018-10-03 10:25:07.647"}}}
{"category":"tracker","request":"get","statuscode":200,"values":{"frame":{"avg":{"x":0.0,"y":0.0},"fix":false,"lefteye":{"avg":{"x":0.0,"y":0.0},"pcenter":{"x":0.4513,"y":0.3578},"psize":23.7384,"raw":{"x":0.0,"y":0.0}},"raw":{"x":0.0,"y":0.0},"righteye":{"avg":{"x":0.0,"y":0.0},"pcenter":{"x":0.5979,"y":0.3640},"psize":25.7639,"raw":{"x":0.0,"y":0.0}},"state":4,"time":978415723,"timestamp":"2018-10-03 10:25:07.691"}}}
{"category":"tracker","request":"get","statuscode":200,"values":{"frame":{"avg":{"x":0.0,"y":0.0},"fix":false,"lefteye":{"avg":{"x":0.0,"y":0.0},"pcenter":{"x":0.0,"y":0.0},"psize":0.0,"raw":{"x":0.0,"y":0.0}},"raw":{"x":0.0,"y":0.0},"righteye":{"avg":{"x":0.0,"y":0.0},"pcenter":{"x":0.0,"y":0.0},"psize":0.0,"raw":{"x":0.0,"y":0.0}},"state":4,"time":978415758,"timestamp":"2018-10-03 10:25:07.726"}}}
{"category":"tracker","request":"get","statuscode":200,"values":{"frame":{"avg":{"x":914.4839,"y":-71.8105},"fix":false,"lefteye":{"avg":{"x":914.4839,"y":-71.8105},"pcenter":{"x":0.4514,"y":0.3570},"psize":22.2729,"raw":{"x":1791.0845,"y":-188.3942}},"raw":{"x":1791.0845,"y":-188.3942},"righteye":{"avg":{"x":0.0,"y":0.0},"pcenter":{"x":0.5978,"y":0.3641},"psize":24.6830,"raw":{"x":0.0,"y":0.0}},"state":7,"time":978415791,"timestamp":"2018-10-03 10:25:07.759"}}}
{"category":"tracker","request":"get","statuscode":200,"values":{"frame":{"avg":{"x":0.0,"y":0.0},"fix":false,"lefteye":{"avg":{"x":0.0,"y":0.0},"pcenter":{"x":0.0,"y":0.0},"psize":0.0,"raw":{"x":0.0,"y":0.0}},"raw":{"x":0.0,"y":0.0},"righteye":{"avg":{"x":0.0,"y":0.0},"pcenter":{"x":0.5982,"y":0.3634},"psize":22.4139,"raw":{"x":0.0,"y":0.0}},"state":4,"time":978415826,"timestamp":"2018-10-03 10:25:07.794"}}}
{"category":"tracker","request":"get","statuscode":200,"values":{"frame":{"avg":{"x":0.0,"y":0.0},"fix":false,"lefteye":{"avg":{"x":0.0,"y":0.0},"pcenter":{"x":0.4512,"y":0.3571},"psize":18.8130,"raw":{"x":0.0,"y":0.0}},"raw":{"x":0.0,"y":0.0},"righteye":{"avg":{"x":0.0,"y":0.0},"pcenter":{"x":0.5979,"y":0.3636},"psize":22.8966,"raw":{"x":0.0,"y":0.0}},"state":7,"time":978415870,"timestamp":"2018-10-03 10:25:07.838"}}}
{"category":"tracker","request":"get","statuscode":200,"values":{"frame":{"avg":{"x":0.0,"y":0.0},"fix":false,"lefteye":{"avg":{"x":0.0,"y":0.0},"pcenter":{"x":0.0,"y":0.0},"psize":0.0,"raw":{"x":0.0,"y":0.0}},"raw":{"x":0.0,"y":0.0},"righteye":{"avg":{"x":0.0,"y":0.0},"pcenter":{"x":0.5977,"y":0.3645},"psize":28.2976,"raw":{"x":0.0,"y":0.0}},"state":7,"time":978415904,"timestamp":"2018-10-03 10:25:07.872"}}}
{"category":"tracker","request":"get","statuscode":200,"values":{"frame":{"avg":{"x":1648.1444,"y":-463.1753},"fix":false,"lefteye":{"avg":{"x":0.0,"y":0.0},"pcenter":{"x":0.0,"y":0.0},"psize":0.0,"raw":{"x":0.0,"y":0.0}},"raw":{"x":839.2982,"y":-455.3946},"righteye":{"avg":{"x":1648.1444,"y":-463.1753},"pcenter":{"x":0.5980,"y":0.3643},"psize":26.5032,"raw":{"x":839.2982,"y":-455.3946}},"state":7,"time":978415936,"timestamp":"2018-10-03 10:25:07.904"}}}
{"category":"tracker","request":"get","statuscode":200,"values":{"frame":{"avg":{"x":0.0,"y":0.0},"fix":false,"lefteye":{"avg":{"x":0.0,"y":0.0},"pcenter":{"x":0.0,"y":0.0},"psize":0.0,"raw":{"x":0.0,"y":0.0}},"raw":{"x":0.0,"y":0.0},"righteye":{"avg":{"x":0.0,"y":0.0},"pcenter":{"x":0.5979,"y":0.3644},"psize":26.6961,"raw":{"x":0.0,"y":0.0}},"state":4,"time":978415981,"timestamp":"2018-10-03 10:25:07.949"}}}
{"category":"tracker","request":"get","statuscode":200,"values":{"frame":{"avg":{"x":0.0,"y":0.0},"fix":false,"lefteye":{"avg":{"x":0.0,"y":0.0},"pcenter":{"x":0.0,"y":0.0},"psize":0.0,"raw":{"x":0.0,"y":0.0}},"raw":{"x":0.0,"y":0.0},"righteye":{"avg":{"x":0.0,"y":0.0},"pcenter":{"x":0.5975,"y":0.3643},"psize":26.2882,"raw":{"x":0.0,"y":0.0}},"state":4,"time":978416015,"timestamp":"2018-10-03 10:25:07.983"}}}
{"category":"tracker","request":"get","statuscode":200,"values":{"frame":{"avg":{"x":0.0,"y":0.0},"fix":false,"lefteye":{"avg":{"x":0.0,"y":0.0},"pcenter":{"x":0.0,"y":0.0},"psize":0.0,"raw":{"x":0.0,"y":0.0}},"raw":{"x":0.0,"y":0.0},"righteye":{"avg":{"x":0.0,"y":0.0},"pcenter":{"x":0.0,"y":0.0},"psize":0.0,"raw":{"x":0.0,"y":0.0}},"state":4,"time":978416048,"timestamp":"2018-10-03 10:25:08.016"}}}
{"category":"tracker","request":"get","statuscode":200,"values":{"frame":{"avg":{"x":1538.2383,"y":-383.1338},"fix":false,"lefteye":{"avg":{"x":0.0,"y":0.0},"pcenter":{"x":0.4376,"y":0.3380},"psize":9.0959,"raw":{"x":0.0,"y":0.0}},"raw":{"x":996.4418,"y":14.3922},"righteye":{"avg":{"x":1428.6124,"y":-303.2962},"pcenter":{"x":0.5959,"y":0.3640},"psize":25.5623,"raw":{"x":996.4418,"y":14.3922}},"state":7,"time":978416093,"timestamp":"2018-10-03 10:25:08.061"}}}
{"category":"tracker","request":"get","statuscode":200,"values":{"frame":{"avg":{"x":0.0,"y":0.0},"fix":false,"lefteye":{"avg":{"x":0.0,"y":0.0},"pcenter":{"x":0.4376,"y":0.3377},"psize":9.9097,"raw":{"x":0.0,"y":0.0}},"raw":{"x":0.0,"y":0.0},"righteye":{"avg":{"x":0.0,"y":0.0},"pcenter":{"x":0.5959,"y":0.3637},"psize":25.0442,"raw":{"x":0.0,"y":0.0}},"state":4,"time":978416127,"timestamp":"2018-10-03 10:25:08.095"}}}
{"category":"tracker","request":"get","statuscode":200,"values":{"frame":{"avg":{"x":0.0,"y":0.0},"fix":false,"lefteye":{"avg":{"x":0.0,"y":0.0},"pcenter":{"x":0.4375,"y":0.3371},"psize":9.5035,"raw":{"x":0.0,"y":0.0}},"raw":{"x":0.0,"y":0.0},"righteye":{"avg":{"x":0.0,"y":0.0},"pcenter":{"x":0.5960,"y":0.3637},"psize":25.4751,"raw":{"x":0.0,"y":0.0}},"state":7,"time":978416160,"timestamp":"2018-10-03 10:25:08.128"}}}
{"category":"tracker","request":"get","statuscode":200,"values":{"frame":{"avg":{"x":0.0,"y":0.0},"fix":false,"lefteye":{"avg":{"x":0.0,"y":0.0},"pcenter":{"x":0.4434,"y":0.3348},"psize":8.5906,"raw":{"x":0.0,"y":0.0}},"raw":{"x":0.0,"y":0.0},"righteye":{"avg":{"x":0.0,"y":0.0},"pcenter":{"x":0.5963,"y":0.3638},"psize":27.8727,"raw":{"x":0.0,"y":0.0}},"state":4,"time":978416204,"timestamp":"2018-10-03 10:25:08.172"}}}
{"category":"tracker","request":"get","statuscode":200,"values":{"frame":{"avg":{"x":0.0,"y":0.0},"fix":false,"lefteye":{"avg":{"x":0.0,"y":0.0},"pcenter":{"x":0.4483,"y":0.3333},"psize":9.2065,"raw":{"x":0.0,"y":0.0}},"raw":{"x":0.0,"y":0.0},"righteye":{"avg":{"x":0.0,"y":0.0},"pcenter":{"x":0.5964,"y":0.3642},"psize":28.0175,"raw":{"x":0.0,"y":0.0}},"state":4,"time":978416239,"timestamp":"2018-10-03 10:25:08.207"}}}
{"category":"tracker","request":"get","statuscode":200,"values":{"frame":{"avg":{"x":0.0,"y":0.0},"fix":false,"lefteye":{"avg":{"x":0.0,"y":0.0},"pcenter":{"x":0.4432,"y":0.3350},"psize":8.9498,"raw":{"x":0.0,"y":0.0}},"raw":{"x":0.0,"y":0.0},"righteye":{"avg":{"x":0.0,"y":0.0},"pcenter":{"x":0.5964,"y":0.3637},"psize":27.7581,"raw":{"x":0.0,"y":0.0}},"state":4,"time":978416272,"timestamp":"2018-10-03 10:25:08.240"}}}
{"category":"tracker","request":"get","statuscode":200,"values":{"frame":{"avg":{"x":1534.4541,"y":-332.5875},"fix":false,"lefteye":{"avg":{"x":0.0,"y":0.0},"pcenter":{"x":0.4432,"y":0.3351},"psize":8.8932,"raw":{"x":0.0,"y":0.0}},"raw":{"x":1827.9669,"y":-25.2352},"righteye":{"avg":{"x":1527.4899,"y":-232.5421},"pcenter":{"x":0.5966,"y":0.3642},"psize":27.9337,"raw":{"x":1827.9669,"y":-25.2352}},"state":7,"time":978416316,"timestamp":"2018-10-03 10:25:08.284"}}}
{"category":"tracker","request":"get","statuscode":200,"values":{"frame":{"avg":{"x":0.0,"y":0.0},"fix":false,"lefteye":{"avg":{"x":0.0,"y":0.0},"pcenter":{"x":0.4377,"y":0.3373},"psize":9.5256,"raw":{"x":0.0,"y":0.0}},"raw":{"x":0.0,"y":0.0},"righteye":{"avg":{"x":0.0,"y":0.0},"pcenter":{"x":0.0,"y":0.0},"psize":0.0,"raw":{"x":0.0,"y":0.0}},"state":4,"time":978416350,"timestamp":"2018-10-03 10:25:08.318"}}}
{"category":"tracker","request":"get","statuscode":200,"values":{"frame":{"avg":{"x":0.0,"y":0.0},"fix":false,"lefteye":{"avg":{"x":0.0,"y":0.0},"pcenter":{"x":0.0,"y":0.0},"psize":0.0,"raw":{"x":0.0,"y":0.0}},"raw":{"x":0.0,"y":0.0},"righteye":{"avg":{"x":0.0,"y":0.0},"pcenter":{"x":0.5963,"y":0.3643},"psize":27.1932,"raw":{"x":0.0,"y":0.0}},"state":4,"time":978416383,"timestamp":"2018-10-03 10:25:08.351"}}}
{"category":"tracker","request":"get","statuscode":200,"values":{"frame":{"avg":{"x":0.0,"y":0.0},"fix":false,"lefteye":{"avg":{"x":0.0,"y":0.0},"pcenter":{"x":0.4378,"y":0.3365},"psize":10.7575,"raw":{"x":0.0,"y":0.0}},"raw":{"x":0.0,"y":0.0},"righteye":{"avg":{"x":0.0,"y":0.0},"pcenter":{"x":0.5964,"y":0.3644},"psize":27.6862,"raw":{"x":0.0,"y":0.0}},"state":4,"time":978416427,"timestamp":"2018-10-03 10:25:08.395"}}}
{"category":"tracker","request":"get","statuscode":200,"values":{"frame":{"avg":{"x":1404.9133,"y":-245.9039},"fix":false,"lefteye":{"avg":{"x":0.0,"y":0.0},"pcenter":{"x":0.4375,"y":0.3372},"psize":10.7566,"raw":{"x":0.0,"y":0.0}},"raw":{"x":1826.9189,"y":92.2772},"righteye":{"avg":{"x":1826.9189,"y":92.2772},"pcenter":{"x":0.5963,"y":0.3646},"psize":27.1917,"raw":{"x":1826.9189,"y":92.2772}},"state":7,"time":978416461,"timestamp":"2018-10-03 10:25:08.429"}}}
{"category":"tracker","request":"get","statuscode":200,"values":{"frame":{"avg":{"x":0.0,"y":0.0},"fix":false,"lefteye":{"avg":{"x":0.0,"y":0.0},"pcenter":{"x":0.4373,"y":0.3379},"psize":8.7459,"raw":{"x":0.0,"y":0.0}},"raw":{"x":0.0,"y":0.0},"righteye":{"avg":{"x":0.0,"y":0.0},"pcenter":{"x":0.0,"y":0.0},"psize":0.0,"raw":{"x":0.0,"y":0.0}},"state":4,"time":978416495,"timestamp":"2018-10-03 10:25:08.463"}}}
{"category":"tracker","request":"get","statuscode":200,"values":{"frame":{"avg":{"x":0.0,"y":0.0},"fix":false,"lefteye":{"avg":{"x":0.0,"y":0.0},"pcenter":{"x":0.4378,"y":0.3372},"psize":10.5547,"raw":{"x":0.0,"y":0.0}},"raw":{"x":0.0,"y":0.0},"righteye":{"avg":{"x":0.0,"y":0.0},"pcenter":{"x":0.5963,"y":0.3645},"psize":27.4412,"raw":{"x":0.0,"y":0.0}},"state":4,"time":978416529,"timestamp":"2018-10-03 10:25:08.497"}}}
{"category":"tracker","request":"get","statuscode":200,"values":{"frame":{"avg":{"x":0.0,"y":0.0},"fix":false,"lefteye":{"avg":{"x":0.0,"y":0.0},"pcenter":{"x":0.4382,"y":0.3378},"psize":10.6572,"raw":{"x":0.0,"y":0.0}},"raw":{"x":0.0,"y":0.0},"righteye":{"avg":{"x":0.0,"y":0.0},"pcenter":{"x":0.5969,"y":0.3646},"psize":28.5138,"raw":{"x":0.0,"y":0.0}},"state":4,"time":978416573,"timestamp":"2018-10-03 10:25:08.541"}}}
{"category":"tracker","request":"get","statuscode":200,"values":{"frame":{"avg":{"x":0.0,"y":0.0},"fix":false,"lefteye":{"avg":{"x":0.0,"y":0.0},"pcenter":{"x":0.0,"y":0.0},"psize":0.0,"raw":{"x":0.0,"y":0.0}},"raw":{"x":0.0,"y":0.0},"righteye":{"avg":{"x":0.0,"y":0.0},"pcenter":{"x":0.0,"y":0.0},"psize":0.0,"raw":{"x":0.0,"y":0.0}},"state":4,"time":978416607,"timestamp":"2018-10-03 10:25:08.575"}}}
{"category":"tracker","request":"get","statuscode":200,"values":{"frame":{"avg":{"x":0.0,"y":0.0},"fix":false,"lefteye":{"avg":{"x":0.0,"y":0.0},"pcenter":{"x":0.4383,"y":0.3379},"psize":10.6825,"raw":{"x":0.0,"y":0.0}},"raw":{"x":0.0,"y":0.0},"righteye":{"avg":{"x":0.0,"y":0.0},"pcenter":{"x":0.5969,"y":0.3647},"psize":27.8554,"raw":{"x":0.0,"y":0.0}},"state":4,"time":978416640,"timestamp":"2018-10-03 10:25:08.608"}}}
{"category":"heartbeat","statuscode":200}
{"category":"tracker","request":"get","statuscode":200,"values":{"frame":{"avg":{"x":0.0,"y":0.0},"fix":false,"lefteye":{"avg":{"x":0.0,"y":0.0},"pcenter":{"x":0.4382,"y":0.3375},"psize":10.3883,"raw":{"x":0.0,"y":0.0}},"raw":{"x":0.0,"y":0.0},"righteye":{"avg":{"x":0.0,"y":0.0},"pcenter":{"x":0.5971,"y":0.3652},"psize":28.3117,"raw":{"x":0.0,"y":0.0}},"state":4,"time":978416684,"timestamp":"2018-10-03 10:25:08.652"}}}
{"category":"tracker","request":"get","statuscode":200,"values":{"frame":{"avg":{"x":0.0,"y":0.0},"fix":false,"lefteye":{"avg":{"x":0.0,"y":0.0},"pcenter":{"x":0.4309,"y":0.3434},"psize":8.3234,"raw":{"x":0.0,"y":0.0}},"raw":{"x":0.0,"y":0.0},"righteye":{"avg":{"x":0.0,"y":0.0},"pcenter":{"x":0.5967,"y":0.3650},"psize":27.1130,"raw":{"x":0.0,"y":0.0}},"state":4,"time":978416716,"timestamp":"2018-10-03 10:25:08.684"}}}
{"category":"tracker","request":"get","statuscode":200,"values":{"frame":{"avg":{"x":1048.8162,"y":-289.0338},"fix":false,"lefteye":{"avg":{"x":0.0,"y":0.0},"pcenter":{"x":0.4377,"y":0.3380},"psize":8.0962,"raw":{"x":0.0,"y":0.0}},"raw":{"x":1048.8162,"y":-289.0338},"righteye":{"avg":{"x":1048.8162,"y":-289.0338},"pcenter":{"x":0.5969,"y":0.3652},"psize":27.7394,"raw":{"x":1048.8162,"y":-289.0338}},"state":7,"time":978416751,"timestamp":"2018-10-03 10:25:08.719"}}}
{"category":"tracker","request":"get","statuscode":200,"values":{"frame":{"avg":{"x":0.0,"y":0.0},"fix":false,"lefteye":{"avg":{"x":0.0,"y":0.0},"pcenter":{"x":0.4312,"y":0.3426},"psize":11.3561,"raw":{"x":0.0,"y":0.0}},"raw":{"x":0.0,"y":0.0},"righteye":{"avg":{"x":0.0,"y":0.0},"pcenter":{"x":0.0,"y":0.0},"psize":0.0,"raw":{"x":0.0,"y":0.0}},"state":4,"time":978416795,"timestamp":"2018-10-03 10:25:08.763"}}}
{"category":"tracker","request":"get","statuscode":200,"values":{"frame":{"avg":{"x":0.0,"y":0.0},"fix":false,"lefteye":{"avg":{"x":0.0,"y":0.0},"pcenter":{"x":0.4389,"y":0.3384},"psize":10.3436,"raw":{"x":0.0,"y":0.0}},"raw":{"x":0.0,"y":0.0},"righteye":{"avg":{"x":0.0,"y":0.0},"pcenter":{"x":0.6001,"y":0.3649},"psize":27.7693,"raw":{"x":0.0,"y":0.0}},"state":4,"time":978416829,"timestamp":"2018-10-03 10:25:08.797"}}}
{"category":"tracker","request":"get","statuscode":200,"values":{"frame":{"avg":{"x":0.0,"y":0.0},"fix":false,"lefteye":{"avg":{"x":0.0,"y":0.0},"pcenter":{"x":0.4388,"y":0.3383},"psize":11.4701,"raw":{"x":0.0,"y":0.0}},"raw":{"x":0.0,"y":0.0},"righteye":{"avg":{"x":0.0,"y":0.0},"pcenter":{"x":0.6005,"y":0.3651},"psize":29.1032,"raw":{"x":0.0,"y":0.0}},"state":4,"time":978416862,"timestamp":"2018-10-03 10:25:08.830"}}}
{"category":"tracker","request":"get","statuscode":200,"values":{"frame":{"avg":{"x":0.0,"y":0.0},"fix":false,"lefteye":{"avg":{"x":0.0,"y":0.0},"pcenter":{"x":0.4270,"y":0.3527},"psize":14.7305,"raw":{"x":0.0,"y":0.0}},"raw":{"x":0.0,"y":0.0},"righteye":{"avg":{"x":0.0,"y":0.0},"pcenter":{"x":0.6001,"y":0.3648},"psize":27.8651,"raw":{"x":0.0,"y":0.0}},"state":4,"time":978416906,"timestamp":"2018-10-03 10:25:08.874"}}}
{"category":"tracker","request":"get","statuscode":200,"values":{"frame":{"avg":{"x":1101.5485,"y":-78.7783},"fix":false,"lefteye":{"avg":{"x":0.0,"y":0.0},"pcenter":{"x":0.4418,"y":0.3477},"psize":8.7387,"raw":{"x":0.0,"y":0.0}},"raw":{"x":1154.1464,"y":130.9415},"righteye":{"avg":{"x":1101.5485,"y":-78.7783},"pcenter":{"x":0.5994,"y":0.3655},"psize":24.6746,"raw":{"x":1154.1464,"y":130.9415}},"state":7,"time":978416939,"timestamp":"2018-10-03 10:25:08.907"}}}
{"category":"tracker","request":"get","statuscode":200,"values":{"frame":{"avg":{"x":0.0,"y":0.0},"fix":false,"lefteye":{"avg":{"x":0.0,"y":0.0},"pcenter":{"x":0.0,"y":0.0},"psize":0.0,"raw":{"x":0.0,"y":0.0}},"raw":{"x":0.0,"y":0.0},"righteye":{"avg":{"x":0.0,"y":0.0},"pcenter":{"x":0.0,"y":0.0},"psize":0.0,"raw":{"x":0.0,"y":0.0}},"state":4,"time":978416973,"timestamp":"2018-10-03 10:25:08.941"}}}
{"category":"tracker","request":"get","statuscode":200,"values":{"frame":{"avg":{"x":0.0,"y":0.0},"fix":false,"lefteye":{"avg":{"x":0.0,"y":0.0},"pcenter":{"x":0.0,"y":0.0},"psize":0.0,"raw":{"x":0.0,"y":0.0}},"raw":{"x":0.0,"y":0.0},"righteye":{"avg":{"x":0.0,"y":0.0},"pcenter":{"x":0.0,"y":0.0},"psize":0.0,"raw":{"x":0.0,"y":0.0}},"state":4,"time":978417018,"timestamp":"2018-10-03 10:25:08.986"}}}
{"category":"tracker","request":"get","statuscode":200,"values":{"frame":{"avg":{"x":0.0,"y":0.0},"fix":false,"lefteye":{"avg":{"x":0.0,"y":0.0},"pcenter":{"x":0.0,"y":0.0},"psize":0.0,"raw":{"x":0.0,"y":0.0}},"raw":{"x":0.0,"y":0.0},"righteye":{"avg":{"x":0.0,"y":0.0},"pcenter":{"x":0.0,"y":0.0},"psize":0.0,"raw":{"x":0.0,"y":0.0}},"state":4,"time":978417051,"timestamp":"2018-10-03 10:25:09.019"}}}
{"category":"tracker","request":"get","statuscode":200,"values":{"frame":{"avg":{"x":0.0,"y":0.0},"fix":false,"lefteye":{"avg":{"x":0.0,"y":0.0},"pcenter":{"x":0.0,"y":0.0},"psize":0.0,"raw":{"x":0.0,"y":0.0}},"raw":{"x":0.0,"y":0.0},"righteye":{"avg":{"x":0.0,"y":0.0},"pcenter":{"x":0.0,"y":0.0},"psize":0.0,"raw":{"x":0.0,"y":0.0}},"state":4,"time":978417084,"timestamp":"2018-10-03 10:25:09.052"}}}
{"category":"tracker","request":"get","statuscode":200,"values":{"frame":{"avg":{"x":0.0,"y":0.0},"fix":false,"lefteye":{"avg":{"x":0.0,"y":0.0},"pcenter":{"x":0.0,"y":0.0},"psize":0.0,"raw":{"x":0.0,"y":0.0}},"raw":{"x":0.0,"y":0.0},"righteye":{"avg":{"x":0.0,"y":0.0},"pcenter":{"x":0.0,"y":0.0},"psize":0.0,"raw":{"x":0.0,"y":0.0}},"state":4,"time":978417129,"timestamp":"2018-10-03 10:25:09.097"}}}
{"category":"tracker","request":"get","statuscode":200,"values":{"frame":{"avg":{"x":0.0,"y":0.0},"fix":false,"lefteye":{"avg":{"x":0.0,"y":0.0},"pcenter":{"x":0.0,"y":0.0},"psize":0.0,"raw":{"x":0.0,"y":0.0}},"raw":{"x":0.0,"y":0.0},"righteye":{"avg":{"x":0.0,"y":0.0},"pcenter":{"x":0.0,"y":0.0},"psize":0.0,"raw":{"x":0.0,"y":0.0}},"state":4,"time":978417163,"timestamp":"2018-10-03 10:25:09.131"}}}
{"category":"tracker","request":"get","statuscode":200,"values":{"frame":{"avg":{"x":0.0,"y":0.0},"fix":false,"lefteye":{"avg":{"x":0.0,"y":0.0},"pcenter":{"x":0.0,"y":0.0},"psize":0.0,"raw":{"x":0.0,"y":0.0}},"raw":{"x":0.0,"y":0.0},"righteye":{"avg":{"x":0.0,"y":0.0},"pcenter":{"x":0.6007,"y":0.3645},"psize":24.6503,"raw":{"x":0.0,"y":0.0}},"state":7,"time":978417197,"timestamp":"2018-10-03 10:25:09.165"}}}
{"category":"tracker","request":"get","statuscode":200,"values":{"frame":{"avg":{"x":0.0,"y":0.0},"fix":false,"lefteye":{"avg":{"x":0.0,"y":0.0},"pcenter":{"x":0.0,"y":0.0},"psize":0.0,"raw":{"x":0.0,"y":0.0}},"raw":{"x":0.0,"y":0.0},"righteye":{"avg":{"x":0.0,"y":0.0},"pcenter":{"x":0.6008,"y":0.3647},"psize":24.7280,"raw":{"x":0.0,"y":0.0}},"state":4,"time":978417241,"timestamp":"2018-10-03 10:25:09.209"}}}
{"category":"tracker","request":"get","statuscode":200,"values":{"frame":{"avg":{"x":0.0,"y":0.0},"fix":false,"lefteye":{"avg":{"x":0.0,"y":0.0},"pcenter":{"x":0.4495,"y":0.3350},"psize":8.6064,"raw":{"x":0.0,"y":0.0}},"raw":{"x":0.0,"y":0.0},"righteye":{"avg":{"x":0.0,"y":0.0},"pcenter":{"x":0.6006,"y":0.3645},"psize":24.7234,"raw":{"x":0.0,"y":0.0}},"state":4,"time":978417275,"timestamp":"2018-10-03 10:25:09.243"}}}
{"category":"tracker","request":"get","statuscode":200,"values":{"frame":{"avg":{"x":0.0,"y":0.0},"fix":false,"lefteye":{"avg":{"x":0.0,"y":0.0},"pcenter":{"x":0.4492,"y":0.3349},"psize":8.0995,"raw":{"x":0.0,"y":0.0}},"raw":{"x":0.0,"y":0.0},"righteye":{"avg":{"x":0.0,"y":0.0},"pcenter":{"x":0.6007,"y":0.3646},"psize":24.9092,"raw":{"x":0.0,"y":0.0}},"state":4,"time":978417308,"timestamp":"2018-10-03 10:25:09.276"}}}
{"category":"tracker","request":"get","statuscode":200,"values":{"frame":{"avg":{"x":0.0,"y":0.0},"fix":false,"lefteye":{"avg":{"x":0.0,"y":0.0},"pcenter":{"x":0.4497,"y":0.3370},"psize":8.3960,"raw":{"x":0.0,"y":0.0}},"raw":{"x":0.0,"y":0.0},"righteye":{"avg":{"x":0.0,"y":0.0},"pcenter":{"x":0.6031,"y":0.3671},"psize":25.5443,"raw":{"x":0.0,"y":0.0}},"state":7,"time":978417352,"timestamp":"2018-10-03 10:25:09.320"}}}
{"category":"tracker","request":"get","statuscode":200,"values":{"frame":{"avg":{"x":0.0,"y":0.0},"fix":false,"lefteye":{"avg":{"x":0.0,"y":0.0},"pcenter":{"x":0.4391,"y":0.3408},"psize":11.0030,"raw":{"x":0.0,"y":0.0}},"raw":{"x":0.0,"y":0.0},"righteye":{"avg":{"x":0.0,"y":0.0},"pcenter":{"x":0.0,"y":0.0},"psize":0.0,"raw":{"x":0.0,"y":0.0}},"state":4,"time":978417386,"timestamp":"2018-10-03 10:25:09.354"}}}
{"category":"tracker","request":"get","statuscode":200,"values":{"frame":{"avg":{"x":0.0,"y":0.0},"fix":false,"lefteye":{"avg":{"x":0.0,"y":0.0},"pcenter":{"x":0.0,"y":0.0},"psize":0.0,"raw":{"x":0.0,"y":0.0}},"raw":{"x":0.0,"y":0.0},"righteye":{"avg":{"x":0.0,"y":0.0},"pcenter":{"x":0.6043,"y":0.3681},"psize":29.3755,"raw":{"x":0.0,"y":0.0}},"state":4,"time":978417419,"timestamp":"2018-10-03 10:25:09.387"}}}
{"category":"tracker","request":"get","statuscode":200,"values":{"frame":{"avg":{"x":0.0,"y":0.0},"fix":false,"lefteye":{"avg":{"x":0.0,"y":0.0},"pcenter":{"x":0.4391,"y":0.3405},"psize":10.5866,"raw":{"x":0.0,"y":0.0}},"raw":{"x":0.0,"y":0.0},"righteye":{"avg":{"x":0.0,"y":0.0},"pcenter":{"x":0.6041,"y":0.3678},"psize":28.7716,"raw":{"x":0.0,"y":0.0}},"state":4,"time":978417463,"timestamp":"2018-10-03 10:25:09.431"}}}
{"category":"tracker","request":"get","statuscode":200,"values":{"frame":{"avg":{"x":0.0,"y":0.0},"fix":false,"lefteye":{"avg":{"x":0.0,"y":0.0},"pcenter":{"x":0.4387,"y":0.3408},"psize":10.4772,"raw":{"x":0.0,"y":0.0}},"raw":{"x":0.0,"y":0.0},"righteye":{"avg":{"x":0.0,"y":0.0},"pcenter":{"x":0.6038,"y":0.3678},"psize":28.2066,"raw":{"x":0.0,"y":0.0}},"state":4,"time":978417498,"timestamp":"2018-10-03 10:25:09.466"}}}
{"category":"tracker","request":"get","statuscode":200,"values":{"frame":{"avg":{"x":0.0,"y":0.0},"fix":false,"lefteye":{"avg":{"x":0.0,"y":0.0},"pcenter":{"x":0.4276,"y":0.3543},"psize":14.8257,"raw":{"x":0.0,"y":0.0}},"raw":{"x":0.0,"y":0.0},"righteye":{"avg":{"x":0.0,"y":0.0},"pcenter":{"x":0.0,"y":0.0},"psize":0.0,"raw":{"x":0.0,"y":0.0}},"state":4,"time":978417532,"timestamp":"2018-10-03 10:25:09.500"}}}
{"category":"tracker","request":"get","statuscode":200,"values":{"frame":{"avg":{"x":0.0,"y":0.0},"fix":false,"lefteye":{"avg":{"x":0.0,"y":0.0},"pcenter":{"x":0.4393,"y":0.3394},"psize":9.2483,"raw":{"x":0.0,"y":0.0}},"raw":{"x":0.0,"y":0.0},"righteye":{"avg":{"x":0.0,"y":0.0},"pcenter":{"x":0.6039,"y":0.3676},"psize":27.0950,"raw":{"x":0.0,"y":0.0}},"state":4,"time":978417567,"timestamp":"2018-10-03 10:25:09.535"}}}
{"category":"tracker","request":"get","statuscode":200,"values":{"frame":{"avg":{"x":0.0,"y":0.0},"fix":false,"lefteye":{"avg":{"x":0.0,"y":0.0},"pcenter":{"x":0.4272,"y":0.3534},"psize":13.6437,"raw":{"x":0.0,"y":0.0}},"raw":{"x":0.0,"y":0.0},"righteye":{"avg":{"x":0.0,"y":0.0},"pcenter":{"x":0.6065,"y":0.3681},"psize":34.9292,"raw":{"x":0.0,"y":0.0}},"state":4,"time":978417611,"timestamp":"2018-10-03 10:25:09.579"}}}
{"category":"tracker","request":"get","statuscode":200,"values":{"frame":{"avg":{"x":0.0,"y":0.0},"fix":false,"lefteye":{"avg":{"x":0.0,"y":0.0},"pcenter":{"x":0.4394,"y":0.3399},"psize":8.4913,"raw":{"x":0.0,"y":0.0}},"raw":{"x":0.0,"y":0.0},"righteye":{"avg":{"x":0.0,"y":0.0},"pcenter":{"x":0.6040,"y":0.3674},"psize":27.5422,"raw":{"x":0.0,"y":0.0}},"state":4,"time":978417645,"timestamp":"2018-10-03 10:25:09.613"}}}
{"category":"heartbeat","statuscode":200}
{"category":"tracker","request":"get","statuscode":200,"values":{"frame":{"avg":{"x":0.0,"y":0.0},"fix":false,"lefteye":{"avg":{"x":0.0,"y":0.0},"pcenter":{"x":0.4393,"y":0.3402},"psize":10.9580,"raw":{"x":0.0,"y":0.0}},"raw":{"x":0.0,"y":0.0},"righteye":{"avg":{"x":0.0,"y":0.0},"pcenter":{"x":0.0,"y":0.0},"psize":0.0,"raw":{"x":0.0,"y":0.0}},"state":4,"time":978417678,"timestamp":"2018-10-03 10:25:09.646"}}}
